fecha,hora,tipo,descripcion,carbohidratos_g,proteina_g,grasa_g,fibra_g,notas
2026-03-04,10:39,Desayuno,pan grov con reker,,,,,
2026-03-04,19:07,Almuerzo,Pasta tagliatelle con pollo al pesto,,,,,
2026-03-04,21:01,Snack,chocolate,,,,,
2026-03-06,13:17,Desayuno,Tostadas con huevo revueltp,,,,,
2026-03-07,12:06,Desayuno,Baguette + kyllingsalat + orange juice + kaffe,,,,,
2026-03-09,16:35,Desayuno,Tostadas grv con smør y avocado,,,,,
2026-03-12,20:56,Almuerzo,Lasaña con solo super,,,,,
2026-03-12,21:02,Almuerzo,Lasaña con Solo super.,,,,,
2026-03-16,13:06,Desayuno,Tostadas con Avocado + café con OAt milk salty karamell,,,,,
