fecha,tipo,duracion_min,maniobras,decisiones_seg,energia_post,notas
2026-03-04,Teoria,50,vocabulario_dia2, bernoulli_feyman, virada_visuaøizacion,,10,"Día 2 completado. Feynman: 3 frases Bernoulli. Visualización: virada 3x. Gap cerrado: fuerza→avance."
2026-03-05,Teoria,60,Lectura_libro, nudos_anki,feyman_viento, virada_visualización,,10,Ambos,Pålestikk,Flaggstikk, åtttetallskop,Dia 3 : 3 etapas Libro p 12: 5 términos. Anki 11 Tarjetas. knots3D: 5 Nudos
2026-03-05,Teoria,10,qtVlm_manual + lær å seile,,,qtVlm,,
2026-03-06,Teoria,20,Lectura_Libro, Terminologia_ES_NO, qtVlm,,10,Ambos,pålestikk , ballestrinke,"Día 4: 'Før seilasen' p.25 - 3 párrafos + términos ES/NO + conexión qtVlm"
2026-03-06,Knots3D,10,1,,,Knots3D,1,Práctica rápida de nudos
2026-03-06,Knots3D,10,3,,,Knots3D,3,Práctica rápida de nudos
2026-03-06,Simulador,20,,,10,vibesail,,
2026-03-07,Simulacion_mental,5,,,,Vibesail.io,,
2026-03-09,Knots3D,10,1,,,Knots3D,1,Práctica rápida de nudos
2026-03-09,Knots3D,10,2,,,Knots3D,2,Práctica rápida de nudos
2026-03-13,Teoria,20,Virada_trasluchada_repaso,,,,"Vende, Krysse_akterut, Kryss, Stramme, Slakke"
2026-03-18,OpenCPN,10,Practica rutas,,,,
